gene,variant_protein,variant_cdna,genomic_coord_build,rsid,genotype_or_zygosity,phenotype,effect_or_association,population,source_location,extraction_method,extraction_status,notes
OCA2,p.His615Arg (His615Arg; derived Arg615),"not_reported (human c. not given; A>G, exon 17)","not_reported (build not stated in paper; FST x-axis 'Position kb ~28,228' is a relative window, not a genomic coordinate)",rs1800414,"3 genotype classes AA / AG / GG; N per class AA=77, AG=174, GG=108","Facultative skin darkness, L* (hand back, sun-exposed); higher L* = lighter. GG lightest, AA darkest (monotonic)","Additive genetic model P = 5.12x10-4 (significant after Bonferroni); linear regression, covariates age+sex, PLINK v1.07","Northern Han Chinese (CHN), light-skinned; N=359 (210F/149M), 8 northern provinces",Fig 3A left panel + text p.1179-1180; Methods p.1183 (Genetic Association Analysis),table_transcription+figure_read,extracted,Genotyping SnapShot/ABI3130. Mean L* AA~54.8<AG~56<GG~56.5 (read from Fig 3A).
OCA2,p.His615Arg,not_reported,not_reported,rs1800414,"AA=77, AG=174, GG=108","Constitutive skin darkness, L* (underarm, unexposed); GG lightest",Additive model P = 5.34x10-6 (significant after Bonferroni),Northern Han Chinese (CHN); N=359,Fig 3A middle panel + text p.1179-1180,table_transcription+figure_read,extracted,Mean L* AA~64.5<AG~65.2<GG~66.5 (Fig 3A).
OCA2,p.His615Arg,not_reported,not_reported,rs1800414,"AA=77, AG=174, GG=108","Constitutive skin darkness, L* (buttock, unexposed); GG lightest",Additive model P = 1.75x10-8 (strongest; significant after Bonferroni),Northern Han Chinese (CHN); N=359,Fig 3A right panel + text p.1179-1180,table_transcription+figure_read,extracted,Mean L* AA~63<AG~64.7<GG~66 (Fig 3A).
OCA2,p.His615Arg,not_reported,not_reported,rs1800414,"11 human foreskin melanocyte cell lines: 4 AA (His615 homozygous), 3 AG (het), 4 GG (Arg615 homozygous)","Relative melanin abundance (Melanin/Protein, ug/mg) in cultured melanocytes; GG lowest, AA highest","Two-tailed t-test: AA vs GG P=0.015; AG vs GG P=0.016. Means ~ AA 51, AG 36, GG 21 ug/mg (Fig 3B)","Human (foreskin donors, males 8-20 yr; genotype ancestry not stated, presumed CHN)",Fig 3B + text p.1180 ('Human Skins of Different rs1800414 Genotypes'); Methods p.1183,figure_read+parsed_text,extracted,Functional in-vitro confirmation of additive direction; derived-G homozygotes = least melanin.
OCA2,p.His615Arg,not_reported,not_reported,rs1800414,Derived G-allele population frequencies (not individual genotypes),Population skin pigmentation context (derived allele tracks lighter skin in East Asians),G allele: Han Chinese >50%; American Indians high; A-A China 16.0%; A-A Cambodia 21.3%; Africans 0% (absent); western Europeans <0.3% (absent/extremely rare),"World populations (this study: 1 CHN + 2 A-A [China, Cambodia]; others from HGDP database)","Fig 2B + text p.1179; HGDP database (hgdp.uchicago.edu, accessed 2015-07-10)",parsed_text+figure_read,extracted,East-Asian-specific variant; absent in Africans/Europeans. Basis of D2 convergent-evolution claim.
OCA2,not_reported,not_reported,not_reported,rs12440942,"not_reported (one of 8 tested OCA2-region SNPs; genotype classes in suppl. table S4, not extracted)",Skin darkness L* (buttock),Marginal P=0.0395 (buttock only); becomes nonsignificant P=0.632 when conditioned on rs1800414,Northern Han Chinese (CHN); N=359,Text p.1180; supplementary table S4 (not obtained),parsed_text,partial,Signal attributable to LD with rs1800414 (conditional analysis). Not an independent effect.
OCA2,not_reported,not_reported,not_reported,not_reported (6 further SNPs of the 8 tested; IDs in suppl. table S4),not_reported,Skin darkness L* (hand back / underarm / buttock),No significant association (P > 0.05),Northern Han Chinese (CHN); N=359,Text p.1180; supplementary table S4 (not obtained),parsed_text,flagged_missing,8 SNPs total analyzed (5 inside 44.2kb selection region + 3 outside). rsIDs re-openable from suppl. table S4.
SLC24A5,p.Ala111Thr (Ala111Thr),not_reported,not_reported,"rs1426654 (rsID not printed in this paper; canonical for Ala111Thr, cited from Lamason 2005)",Population allele frequency: nearly fixed (>95%) in Europeans; extremely rare in Africans and East Asians,Light skin in Europeans (the canonical European causal variant),Nearly fixed in Europeans due to local positive selection; 'the most striking' European light-skin allele,Europeans (>95%); rare in Africans and East Asians,Text p.1178 (Intro) + Discussion p.1182; cited to Lamason et al. 2005,parsed_text,extracted,"CONTEXT/literature-cited, not genotyped in this study. Central to D2: East Asians are light-skinned but LACK this usual causal variant."
"oca2 (zebrafish Oca2, ortholog)",p.His610Arg (equivalent to human His615Arg),"A>G at +1829 (A4G nucleotide substitution, zebrafish oca2 CDS)","not_applicable (zebrafish transgene construct, pXT7)",not_applicable (genocopy of human rs1800414),"mRNA rescue: wt(A)/His610 vs mt(G)/His610Arg, 100 pg co-injected into oca2-morphants (oca2-MO knockdown)","Melanophore pigmentation rescue at 36 hpf (Class I-IV scoring, N=137/111/107/96)",wt(A) mRNA restored pigmentation; mt(G)/His610Arg mRNA FAILED to restore -> derived allele is loss-of-function for melanin,Zebrafish (Tuebingen strain) - MODEL ORGANISM,"Fig 4A,B + text p.1180-1181; Methods p.1184",parsed_text+figure_read,extracted,Cross-species functional validation of causal direction of the His->Arg substitution.
Oca2 (mouse ortholog),p.His610Arg (resembling human His615Arg),"A>G (mutation #1, CRISPR/Cas9 ssODN homology-directed)",not_applicable (engineered C57BL/6 allele),not_applicable,"TM strain homozygous for derived-allele-like His610Arg; plus KO (frameshift, truncated Oca2), WT (C57BL/6 black), WT' (2 synonymous control mutations)","Coat/skin/paw pigmentation (L*); TM = light (brown/gray hair, light tail skin/paws, iris unchanged); KO = albino (white hair/skin/paws, pink iris); WT/WT' = black","TM significantly lighter than WT/WT' (Wilcoxon rank sum, P<0.05); reduced mature melanosomes (TEM). N: 4 WT, 4 WT', 6 TM, 6 KO",Mouse (C57BL/6) - MODEL ORGANISM,"Fig 4C,D,E + text p.1180-1182; Methods p.1184-1185; suppl. fig S8/S9, tables S6/S7",parsed_text+figure_read,extracted,"In-vivo validation: homozygous His610Arg -> light coloration, distinct from albino KO. Synonymous WT' control rules out CRISPR artifact."
